{"categories":[{"category":"ABRIS DE JARDIN - SERRE - RANGEMENT","categorycode":"10413"},{"category":"ACCESSOIRE - DECOR DE FETE","categorycode":"11029"},{"category":"ACCESSOIRE BAGAGERIE DU SPORTIF","categorycode":"10625"},{"category":"ACCESSOIRE CADEAUX","categorycode":"10703"},{"category":"ACCESSOIRE CHEVEUX","categorycode":"11397"},{"category":"ACCESSOIRE DE NETTOYAGE DE LA VOITURE","categorycode":"10090"},{"category":"ACCESSOIRE DE RANGEMENT","categorycode":"11068"},{"category":"ACCESSOIRE DECORATION","categorycode":"11023"},{"category":"ACCESSOIRE GAMING","categorycode":"10205"},{"category":"ACCESSOIRE HYGIENE DENTS","categorycode":"11355"},{"category":"ACCESSOIRE INFORMATIQUE - PIECE DETACHEE","categorycode":"10174"},{"category":"ACCESSOIRE LUNETTES","categorycode":"11503"},{"category":"ACCESSOIRE MACHINE A SODA","categorycode":"11236"},{"category":"ACCESSOIRE OENOLOGIE","categorycode":"11342"},{"category":"ACCESSOIRE OUTILLAGE ELECTRIQUE ET THERMIQUE","categorycode":"10254"},{"category":"ACCESSOIRE PETITE MAROQUINERIE","categorycode":"11517"},{"category":"ACCESSOIRE PHOTO - CAMERA","categorycode":"10533"},{"category":"ACCESSOIRE POUR LE LINGE ","categorycode":"11160"},{"category":"ACCESSOIRE POUSSETTE","categorycode":"10154"},{"category":"ACCESSOIRE PROTECTION - SECURITE BEBE","categorycode":"10150"},{"category":"ACCESSOIRE REPASSAGE AUTRE","categorycode":"11060"},{"category":"ACCESSOIRE ROBOT - BLENDER","categorycode":"11062"},{"category":"ACCESSOIRE SOIN DES ONGLES - MANUCURE","categorycode":"11357"},{"category":"ACCESSOIRE TABLETTE","categorycode":"10551"},{"category":"ACCESSOIRE TELEPHONIE","categorycode":"10527"},{"category":"AFFUTEUR - AIGUISEUR","categorycode":"11314"},{"category":"AGENDA - REPERTOIRE","categorycode":"10704"},{"category":"AGRAFEUSE ET ACCESSOIRE","categorycode":"10727"},{"category":"AIMANTS","categorycode":"10705"},{"category":"ALARME - SECURITE","categorycode":"10222"},{"category":"ALBUM PHOTO","categorycode":"10706"},{"category":"ALLIANCE","categorycode":"11559"},{"category":"AMPOULE - LED","categorycode":"11043"},{"category":"APPAREIL A ESSORER","categorycode":"11317"},{"category":"APPAREIL A ETALER","categorycode":"11318"},{"category":"APPAREIL A OUVRIR","categorycode":"11320"},{"category":"APPAREIL A RAPER - DECOUPER - MOUDRE","categorycode":"11322"},{"category":"APPAREIL A REMUER","categorycode":"11323"},{"category":"APPAREIL COSMETIQUE","categorycode":"11409"},{"category":"APPAREIL GYROSCOPIQUE","categorycode":"10560"},{"category":"APPAREIL MESURE SANTE","categorycode":"11481"},{"category":"APPAREIL PHOTO","categorycode":"10538"},{"category":"APPAREIL RENFORCEMENT ABDOMINAL","categorycode":"10591"},{"category":"APPLIQUE - SPOT","categorycode":"11044"},{"category":"APRES-SHAMPOING","categorycode":"11398"},{"category":"ARBRE - ARBUSTE D'ORNEMENT","categorycode":"10481"},{"category":"ARDOISE D'ECOLIER ET ACCESSOIRE","categorycode":"10728"},{"category":"ARMOIRE DE TOILETTE","categorycode":"11070"},{"category":"AROMATHERAPIE - LUMINOTHERAPIE","categorycode":"11482"},{"category":"ARROSAGE - RECUPERATEUR D'EAU","categorycode":"10462"},{"category":"ASPIRATEUR","categorycode":"11281"},{"category":"ASSIETTE","categorycode":"11306"},{"category":"AUTOCUISEUR - COCOTTE MINUTE","categorycode":"11293"},{"category":"AUTOUR DE LA CUISINE","categorycode":"10344"},{"category":"AUTRE ACCESSOIRE BAGAGERIE","categorycode":"11499"},{"category":"AUTRE ACCESSOIRE DU SPORTIF","categorycode":"10568"},{"category":"AUTRE COUVERT","categorycode":"11330"},{"category":"AUTRE USTENSILE CUISSON","categorycode":"11294"},{"category":"AUTRE USTENSILE PREPARATION CULINAIRE","categorycode":"11316"},{"category":"AUTRE USTENSILE PRESENTATION - STOCKAGE","categorycode":"11345"},{"category":"AUTRE VAISSELLE","categorycode":"11308"},{"category":"AUTRE VERRE - VERRERIE","categorycode":"11336"},{"category":"BABIES","categorycode":"11524"},{"category":"BABY FOOT ET ACCESSOIRE","categorycode":"10387"},{"category":"BABYPHONE","categorycode":"10151"},{"category":"BAGUE","categorycode":"11560"},{"category":"BAHUT - BUFFET - VAISSELIER","categorycode":"11126"},{"category":"BAIGNEUR - BEBE ET ACCESSOIRE","categorycode":"10342"},{"category":"BAIGNOIRE BEBE","categorycode":"10114"},{"category":"BALANCE CULINAIRE ELECTRIQUE","categorycode":"11261"},{"category":"BALISE - BORNE LUMINEUSE","categorycode":"11042"},{"category":"BALLE - BALLON","categorycode":"10592"},{"category":"BALLERINES - SLIPPERS","categorycode":"11525"},{"category":"BANC","categorycode":"11111"},{"category":"BANDEAU - BONNET DE SPORT","categorycode":"10564"},{"category":"BARBECUE - CUISINE EXTERIEURE","categorycode":"10411"},{"category":"BARRE DE TOIT","categorycode":"10084"},{"category":"BARRETTE - PEIGNE BIJOU","categorycode":"11564"},{"category":"BARRIERE SECURITE","categorycode":"10152"},{"category":"BAS DE MAILLOT DE BAIN","categorycode":"11004"},{"category":"BASKETS - SNEAKERS","categorycode":"11526"},{"category":"BATONS","categorycode":"10594"},{"category":"BATTERIE DE CUISINE","categorycode":"11295"},{"category":"BAVOIR","categorycode":"10129"},{"category":"BB - CC CREME","categorycode":"11384"},{"category":"BERCEAU - COUFFIN","categorycode":"10141"},{"category":"BERMUDA","categorycode":"10929"},{"category":"BIBERON","categorycode":"10130"},{"category":"BIBERON - STERILISATEUR - CHAUFFE-BIBERON","categorycode":"10131"},{"category":"BIBLIOTHEQUE - ETAGERE","categorycode":"11127"},{"category":"BIJOU DE CORPS","categorycode":"11561"},{"category":"BILLARD ET ACCESSOIRE","categorycode":"10388"},{"category":"BISCUIT","categorycode":"10869"},{"category":"BLAZER","categorycode":"10895"},{"category":"BLENDER","categorycode":"11263"},{"category":"BLOOMER","categorycode":"10917"},{"category":"BLOUSE","categorycode":"10922"},{"category":"BLOUSON","categorycode":"10896"},{"category":"BODY ENFANT","categorycode":"10916"},{"category":"BODY GAINANT","categorycode":"10990"},{"category":"BODY LINGERIE","categorycode":"10968"},{"category":"BOITE A OUTILS - SERVANTE D'ATELIER","categorycode":"10269"},{"category":"BOITE CONSERVATION","categorycode":"11346"},{"category":"BOITE DE RANGEMENT","categorycode":"11073"},{"category":"BOITE DECO","categorycode":"11024"},{"category":"BOITES A FORMES","categorycode":"10107"},{"category":"BOL","categorycode":"11309"},{"category":"BONNET","categorycode":"11544"},{"category":"BOOTS - BOTTINES ","categorycode":"11527"},{"category":"BOTTE - SABOT DE JARDIN","categorycode":"10459"},{"category":"BOTTES","categorycode":"11594"},{"category":"BOTTES TECHNIQUES","categorycode":"10643"},{"category":"BOUCLES D'OREILLES","categorycode":"11566"},{"category":"BOUGEOIR - LANTERNE - PHOTOPHORE","categorycode":"11054"},{"category":"BOUGIE","categorycode":"11052"},{"category":"BOUILLOIRE","categorycode":"11241"},{"category":"BOUILLON - SAUCE","categorycode":"10854"},{"category":"BOUTEILLE ISOTHERME - GLACIERE","categorycode":"11347"},{"category":"BOUTONS MANCHETTE","categorycode":"11567"},{"category":"BOXER - PANTY","categorycode":"10975"},{"category":"BRA PADDE","categorycode":"11600"},{"category":"BRACELET","categorycode":"11568"},{"category":"BRASSIERE SPORT","categorycode":"10657"},{"category":"BRETELLES","categorycode":"11539"},{"category":"BRIQUET","categorycode":"11063"},{"category":"BROCHE","categorycode":"11570"},{"category":"BROYEUR","categorycode":"10451"},{"category":"BUREAU","categorycode":"11135"},{"category":"BUSTIER","categorycode":"10923"},{"category":"BUSTIER LINGERIE","categorycode":"10969"},{"category":"CABAN","categorycode":"10897"},{"category":"CABLES - FILS - GAINES - TUBES","categorycode":"10249"},{"category":"CACHE-CŒUR","categorycode":"10952"},{"category":"CACHE-SOMMIER","categorycode":"11176"},{"category":"CADRE","categorycode":"11025"},{"category":"CADRE LIT","categorycode":"11089"},{"category":"CAFETIERE - ACCESSOIRE CAFE","categorycode":"11325"},{"category":"CAGOULE","categorycode":"11545"},{"category":"CAHIER - CARNET - BLOC-NOTES","categorycode":"10707"},{"category":"CALECON","categorycode":"10976"},{"category":"CANAPE","categorycode":"11118"},{"category":"CANNE A PECHE ET ACCESSOIRE","categorycode":"10606"},{"category":"CAPE - PONCHO","categorycode":"10898"},{"category":"CAPE DE BAIN","categorycode":"10115"},{"category":"CARACO LINGERIE","categorycode":"10970"},{"category":"CARTABLE","categorycode":"11493"},{"category":"CARTE - CARTE ROUTIERE","categorycode":"10211"},{"category":"CARTERIE","categorycode":"10675"},{"category":"CASQUE - ECOUTEURS","categorycode":"10496"},{"category":"CASQUE REALITE VIRTUELLE","categorycode":"10175"},{"category":"CASQUE SPORT","categorycode":"10569"},{"category":"CASQUETTE","categorycode":"11546"},{"category":"CASSEROLE","categorycode":"11301"},{"category":"CD AUDIO","categorycode":"10214"},{"category":"CEINTURE","categorycode":"11540"},{"category":"CEINTURE - MANCHON GAINANT","categorycode":"10989"},{"category":"CENTRIFUGEUSE","categorycode":"11242"},{"category":"CHAINES","categorycode":"10073"},{"category":"CHAISE","categorycode":"11112"},{"category":"CHAISE - FAUTEUIL DE JARDIN","categorycode":"10432"},{"category":"CHAISE HAUTE","categorycode":"10132"},{"category":"CHAPEAU","categorycode":"11547"},{"category":"CHARGEUR","categorycode":"10176"},{"category":"CHARMS","categorycode":"11572"},{"category":"CHAUSSETTES","categorycode":"11012"},{"category":"CHAUSSETTES SPORT","categorycode":"10644"},{"category":"CHAUSSONS - PANTOUFLES","categorycode":"11528"},{"category":"CHAUSSURES BATEAU","categorycode":"11529"},{"category":"CHAUSSURES SPORT","categorycode":"10646"},{"category":"CHEMIN TABLE","categorycode":"11200"},{"category":"CHEMISE","categorycode":"10924"},{"category":"CHEMISE DE NUIT","categorycode":"10984"},{"category":"CHEMISIER","categorycode":"10925"},{"category":"CHEVET - BOUT DE LIT","categorycode":"11102"},{"category":"CHOCOLAT - INGREDIENTS MELANGES","categorycode":"10872"},{"category":"CIEL DE LIT","categorycode":"11193"},{"category":"CINTRE - AMENAGEMENT DRESSING","categorycode":"11074"},{"category":"CIRCUIT A BALLE - A BILLE","categorycode":"10366"},{"category":"CIRCUIT ELECTRIQUE","categorycode":"10408"},{"category":"CIRE CHAUSSURE ET ACCESSOIRE","categorycode":"11061"},{"category":"CISEAUX","categorycode":"10709"},{"category":"CLAVIER - PIANO","categorycode":"10689"},{"category":"COFFRE - MALLE","categorycode":"11103"},{"category":"COFFRE DE TOIT","categorycode":"10085"},{"category":"COFFRET PARFUM - EAU DE TOILETTE","categorycode":"11466"},{"category":"COFFRET SOIN DU CORPS","categorycode":"11363"},{"category":"COIFFEUSE - TETE A COIFFER","categorycode":"10360"},{"category":"COLLANTS","categorycode":"11013"},{"category":"COLLE","categorycode":"10710"},{"category":"COLLIER - SAUTOIR","categorycode":"11573"},{"category":"COMBINAISON","categorycode":"10918"},{"category":"COMBINAISON HOMEWEAR","categorycode":"11619"},{"category":"COMBINAISON SPORT","categorycode":"10658"},{"category":"COMBI-SHORT","categorycode":"10919"},{"category":"COMMODE","categorycode":"11128"},{"category":"COMPAGNON","categorycode":"11513"},{"category":"COMPAS","categorycode":"10711"},{"category":"CONFISERIE","categorycode":"10885"},{"category":"CONFITURE - MARMELADE","categorycode":"10886"},{"category":"CONSTRUCTION BOIS","categorycode":"10109"},{"category":"CONTOUR DES YEUX","categorycode":"11385"},{"category":"CORBEILLE","categorycode":"10712"},{"category":"CORDE A SAUTER","categorycode":"10598"},{"category":"COSTUME","categorycode":"10932"},{"category":"COUCHE - LANGE","categorycode":"10116"},{"category":"COUETTE","categorycode":"11175"},{"category":"COUETTE - EDREDON","categorycode":"11175"},{"category":"COUPE A DESSERT - COUPELLE","categorycode":"11310"},{"category":"COUPE-BORDURE - DEBROUSSAILLEUSE - TAILLE-HAIE","categorycode":"10452"},{"category":"COUPE-VENT","categorycode":"10899"},{"category":"COUSSIN - HOUSSE","categorycode":"11026"},{"category":"COUSSIN D'EXTERIEUR","categorycode":"10433"},{"category":"COUTEAU","categorycode":"11332"},{"category":"COUVERCLE","categorycode":"11302"},{"category":"COUVERTURE","categorycode":"11178"},{"category":"COUVERTURE CHAUFFANTE","categorycode":"11179"},{"category":"COUVRE-LIT","categorycode":"11180"},{"category":"CRAVATE","categorycode":"11555"},{"category":"CRAYON A YEUX","categorycode":"11431"},{"category":"CREME","categorycode":"10776"},{"category":"CREME MAINS","categorycode":"11365"},{"category":"CREME PIEDS","categorycode":"11405"},{"category":"CREME SOIN VISAGE","categorycode":"11388"},{"category":"CUILLERE","categorycode":"11333"},{"category":"CUISSARD - SHORT SPORT","categorycode":"10659"},{"category":"CULOTTE","categorycode":"10977"},{"category":"CUTTER ET ACCESSOIRE","categorycode":"10729"},{"category":"CYCLE","categorycode":"10600"},{"category":"CYCLE ACCESSOIRE","categorycode":"10601"},{"category":"CYCLISTE","categorycode":"10995"},{"category":"DEBARDEUR","categorycode":"10946"},{"category":"DEBARDEUR SPORT","categorycode":"10660"},{"category":"DECORATION DE JARDIN","categorycode":"10444"},{"category":"DECOUPE CREATIVE","categorycode":"10677"},{"category":"DEGUISEMENT AUTRE","categorycode":"10333"},{"category":"DEGUISEMENT PRINCESSE - FEE","categorycode":"10337"},{"category":"DERBIES - RICHELIEU","categorycode":"11530"},{"category":"DESHABILLE","categorycode":"10971"},{"category":"DESHABILLE - KIMONO","categorycode":"10971"},{"category":"DESHUMIDIFICATEUR","categorycode":"11231"},{"category":"DESSIN - COLORIAGE","categorycode":"10678"},{"category":"DESSOUS DE PLAT","categorycode":"11348"},{"category":"DEVIDOIR","categorycode":"10713"},{"category":"DISTRIBUTEUR","categorycode":"11075"},{"category":"DORS-BIEN","categorycode":"10139"},{"category":"DOUCHE - RECEVEUR","categorycode":"10311"},{"category":"DOUDOUNE","categorycode":"10900"},{"category":"DRAISIENNE - TRICYCLE - JOUET PORTEUR","categorycode":"10378"},{"category":"DRAP","categorycode":"11183"},{"category":"DRAP DE PLAGE","categorycode":"10962"},{"category":"DRAP HOUSSE","categorycode":"11185"},{"category":"EAU DE TOILETTE","categorycode":"11469"},{"category":"ECHARPE","categorycode":"11552"},{"category":"ECHARPE - CACHE COL SPORT","categorycode":"10649"},{"category":"ECHEC - DAME","categorycode":"10396"},{"category":"ECRAN DE PROJECTION","categorycode":"10544"},{"category":"EGOUTTOIR - GOUPILLON BIBERON","categorycode":"10133"},{"category":"ELECTROSTIMULATION","categorycode":"10572"},{"category":"ELEMENT CANAPE","categorycode":"11122"},{"category":"ENCEINTE - AMPLI","categorycode":"10498"},{"category":"ENSEMBLE","categorycode":"10914"},{"category":"ENSEMBLE PYJAMA","categorycode":"10986"},{"category":"ENTRETIENS FOUR - INSERT","categorycode":"11151"},{"category":"ESCARPINS","categorycode":"11531"},{"category":"ESPADRILLES","categorycode":"11532"},{"category":"ESSUIE GLACE","categorycode":"10074"},{"category":"ETOLE","categorycode":"11553"},{"category":"ETUI MAROQUINERIE","categorycode":"11518"},{"category":"EVIER ET ACCESSOIRE","categorycode":"10313"},{"category":"EXTRACTEUR DE JUS","categorycode":"11243"},{"category":"FAITOUT - MARMITE","categorycode":"11296"},{"category":"FAUTEUIL","categorycode":"11113"},{"category":"FER A REPASSER","categorycode":"11289"},{"category":"FIGURINE ANIMAL","categorycode":"10349"},{"category":"FIGURINE FERME","categorycode":"10350"},{"category":"FIGURINE PERSONNAGE","categorycode":"10352"},{"category":"FLACON CORRECTEUR LIQUIDE","categorycode":"10717"},{"category":"FLECHETTES ","categorycode":"10390"},{"category":"FOIE GRAS FRAIS","categorycode":"10767"},{"category":"FOULARD","categorycode":"11550"},{"category":"FOUR","categorycode":"11217"},{"category":"FOURCHETTE","categorycode":"11334"},{"category":"GAINE","categorycode":"10996"},{"category":"GANT TOILETTE","categorycode":"11168"},{"category":"GANTS","categorycode":"11541"},{"category":"GANTS - EPONGE","categorycode":"11153"},{"category":"GANTS - MANIQUE","categorycode":"11201"},{"category":"GANTS TECHNIQUES","categorycode":"10566"},{"category":"GANTS TEXTILES SPORT","categorycode":"10650"},{"category":"GEL DOUCHE - SAVON","categorycode":"11362"},{"category":"GILET","categorycode":"10953"},{"category":"GILET TECHNIQUE","categorycode":"10574"},{"category":"GLOSS","categorycode":"11449"},{"category":"GOMMAGE - PEELING","categorycode":"11368"},{"category":"GOMME","categorycode":"10718"},{"category":"GOMMETTE - STICKER - TAMPON","categorycode":"10683"},{"category":"GOURDE - THERMOS","categorycode":"10634"},{"category":"GPS","categorycode":"10518"},{"category":"GRAINE - BULBE","categorycode":"10476"},{"category":"GRILL","categorycode":"11303"},{"category":"GRILLE PAIN","categorycode":"11244"},{"category":"GUEPIERE","categorycode":"10972"},{"category":"GUETRE - JAMBIERE","categorycode":"11015"},{"category":"GUIRLANDE DECORATIVE","categorycode":"11030"},{"category":"GUIRLANDE LUMINEUSE","categorycode":"11045"},{"category":"HAMAC","categorycode":"10434"},{"category":"HAUT DE MAILLOT DE BAIN","categorycode":"11005"},{"category":"HI-FI","categorycode":"10500"},{"category":"HOCHET","categorycode":"10095"},{"category":"HORLOGE","categorycode":"11027"},{"category":"HOTTE","categorycode":"11218"},{"category":"HOUSSE AUTRE LINGE DE MAISON","categorycode":"11187"},{"category":"HOUSSE COUETTE","categorycode":"11188"},{"category":"HUILE - PRODUIT DE MASSAGE","categorycode":"11369"},{"category":"HUILES - PRODUITS D'ENTRETIEN","categorycode":"10454"},{"category":"HYDRATATION DU CORPS","categorycode":"11370"},{"category":"IMPERMEABLE","categorycode":"10902"},{"category":"INFUSION","categorycode":"10879"},{"category":"INSTRUMENTS A CORDE","categorycode":"10691"},{"category":"INSTRUMENTS A VENT","categorycode":"10692"},{"category":"INTERIEUR DE LA VOITURE","categorycode":"10089"},{"category":"INTERRUPTEUR - PRISE","categorycode":"10252"},{"category":"JEAN","categorycode":"10940"},{"category":"JEU D'AMBIANCE","categorycode":"10397"},{"category":"JEU DE CARTES - DES","categorycode":"10398"},{"category":"JEU DE CONSTRUCTION","categorycode":"10325"},{"category":"JEU DE PLATEAU","categorycode":"10399"},{"category":"JEU DE SOCIETE CLASSIQUE","categorycode":"10400"},{"category":"JEU D'OBSERVATION - MEMO","categorycode":"10401"},{"category":"JEU MEMO","categorycode":"10403"},{"category":"JEU PLAGE - PISCINE","categorycode":"10382"},{"category":"JEU POUR LE JARDIN","categorycode":"10383"},{"category":"JEU SCIENTIFIQUE","categorycode":"10345"},{"category":"JEU STRATEGIE - REFLEXION","categorycode":"10404"},{"category":"JEU VIDEO","categorycode":"10209"},{"category":"JOGGING","categorycode":"10938"},{"category":"JOUET A BALLES","categorycode":"10096"},{"category":"JOUET A EMPILER","categorycode":"10097"},{"category":"JOUET A POUSSER - A TIRER","categorycode":"10098"},{"category":"JOUET DE BAIN","categorycode":"10099"},{"category":"JOUET DE POUSSETTE","categorycode":"10100"},{"category":"JOUET D'EVEIL - 1ER AGE","categorycode":"10101"},{"category":"JOUET INSTRUMENT","categorycode":"10374"},{"category":"JOUET MUSCIAL","categorycode":"10102"},{"category":"JOUET SONORE - LUMINEUX","categorycode":"10103"},{"category":"JUPE","categorycode":"10909"},{"category":"JUPE - ROBE SPORT","categorycode":"10661"},{"category":"JUPE-SHORT","categorycode":"10911"},{"category":"KIMONO","categorycode":"10926"},{"category":"KIT CREATIF","categorycode":"11606"},{"category":"KIT D'ENTRETIEN DE LA VOITURE","categorycode":"10080"},{"category":"LAIT CORPS","categorycode":"11372"},{"category":"LAMPADAIRE - LAMPE SUR PIED","categorycode":"11046"},{"category":"LAMPE","categorycode":"11047"},{"category":"LAMPE UNIVERSELLE","categorycode":"10180"},{"category":"LAVE-VAISSELLE","categorycode":"11226"},{"category":"LAVE-VITRE","categorycode":"11283"},{"category":"LEGGING","categorycode":"10942"},{"category":"LEGGING - COLLANT SPORT","categorycode":"10662"},{"category":"LINER","categorycode":"11434"},{"category":"LINGE DE LIT BEBE","categorycode":"10142"},{"category":"LINGE DE TOILETTE BEBE","categorycode":"10117"},{"category":"LIT A BARREAU","categorycode":"10143"},{"category":"LIT PARAPLUIE","categorycode":"10144"},{"category":"LIVRE","categorycode":"10203"},{"category":"LUNETTE DE SOLEIL BEBE","categorycode":"10156"},{"category":"LUNETTES - OPTIQUES DU SPORTIF","categorycode":"10578"},{"category":"LUNETTES SOLEIL","categorycode":"11504"},{"category":"MACHINE A COUDRE","categorycode":"10697"},{"category":"MACHINE A PAIN","categorycode":"11267"},{"category":"MACHINES A BRODER","categorycode":"10698"},{"category":"MAIILOT NATION - CLUB","categorycode":"10653"},{"category":"MAILLOT DE BAIN 1 PIECE","categorycode":"11008"},{"category":"MAILLOT DE BAIN 1 PIECE SPORT","categorycode":"10663"},{"category":"MAILLOT DE BAIN 2 PIECES","categorycode":"11009"},{"category":"MAILLOT DE BAIN 2 PIECES SPORT","categorycode":"10664"},{"category":"MALAXEUR - MACHINE A PEINDRE","categorycode":"10261"},{"category":"MANTEAU","categorycode":"10903"},{"category":"MAQUILLAGE","categorycode":"10684"},{"category":"MARIONNETTE","categorycode":"10361"},{"category":"MASCARA","categorycode":"11437"},{"category":"MASQUE DE SPORT","categorycode":"10580"},{"category":"MASQUE VISAGE","categorycode":"11391"},{"category":"MATELAS","categorycode":"11098"},{"category":"MATELAS BEBE","categorycode":"10145"},{"category":"MATELAS GONFLABLE","categorycode":"11099"},{"category":"MATERIAU D'ISOLATION - D'ETANCHEITE","categorycode":"10286"},{"category":"MENAGERE","categorycode":"11331"},{"category":"MENUISERIE INTERIEURE","categorycode":"10319"},{"category":"MERCERIE","categorycode":"10700"},{"category":"MI-BAS","categorycode":"11014"},{"category":"MIJOTEUR - MULTICUISEUR ELECTRIQUE","categorycode":"11251"},{"category":"MINIATURE","categorycode":"10368"},{"category":"MINI-UNIVERS","categorycode":"10326"},{"category":"MIROIR","categorycode":"11028"},{"category":"MISE SOUS VIDE","categorycode":"11269"},{"category":"MITAINES - MOUFFLES","categorycode":"11542"},{"category":"MIXEUR - PIED MIXEUR","categorycode":"11270"},{"category":"MOCASSINS","categorycode":"11533"},{"category":"MONTRE","categorycode":"11579"},{"category":"MONTRE CONNECTEE","categorycode":"10507"},{"category":"MOSAIQUE","categorycode":"10685"},{"category":"MOUCHE BEBE","categorycode":"10118"},{"category":"MOULE - PLAT A CUISSON","categorycode":"11297"},{"category":"MOULIN ELECTRIQUE","categorycode":"11271"},{"category":"MOULURE - PLINTHE","categorycode":"10320"},{"category":"MULES - SABOTS","categorycode":"11534"},{"category":"MULTICUISEUR","categorycode":"11304"},{"category":"NACELLE - CHANCELIERE","categorycode":"10161"},{"category":"NAPPE","categorycode":"11206"},{"category":"NID D'ANGE","categorycode":"10146"},{"category":"NOEUD PAPILLON","categorycode":"11556"},{"category":"NUISETTE","categorycode":"10985"},{"category":"OBJET LUMINEUX","categorycode":"11048"},{"category":"ORDINATEUR - CONSOLE EDUCATIVE","categorycode":"10346"},{"category":"ORDINATEUR FIXE","categorycode":"10168"},{"category":"OREILLER","categorycode":"11189"},{"category":"OUTIL DE DECOUPE - DEFONCE","categorycode":"10263"},{"category":"OUTIL DE MESURE","categorycode":"11327"},{"category":"OUTIL DE PREHENSION","categorycode":"10273"},{"category":"OUTIL DECOUPE PONCAGE - PERCAGE MANUEL","categorycode":"10274"},{"category":"PAILLASSON","categorycode":"11020"},{"category":"PALMES - MASQUE - ACCESSOIRE DE PLONGEE","categorycode":"10611"},{"category":"PANIER","categorycode":"11072"},{"category":"PANIER - PANNEAU","categorycode":"10618"},{"category":"PANTACOURT","categorycode":"10943"},{"category":"PANTALON","categorycode":"10939"},{"category":"PANTALON DE COSTUME","categorycode":"10934"},{"category":"PANTALON SPORT","categorycode":"10665"},{"category":"PANTY GAINANT","categorycode":"10999"},{"category":"PAPIER","categorycode":"10722"},{"category":"PARAPLUIE","categorycode":"11521"},{"category":"PARASOL - VOILE D'OMBRAGE","categorycode":"10435"},{"category":"PARE SOLEIL","categorycode":"10076"},{"category":"PARFUM POUR MAISON - ACCESSOIRE","categorycode":"11055"},{"category":"PARKA","categorycode":"10904"},{"category":"PARURE","categorycode":"11562"},{"category":"PARURE DE LIT","categorycode":"11181"},{"category":"PARURE LINGE DE MAISON","categorycode":"11610"},{"category":"PATE A SEL - MOULAGE - MODELAGE","categorycode":"10681"},{"category":"PATERE - PORTE MANTEAU - VALET - PORTANT","categorycode":"11076"},{"category":"PEIGNE - BROSSE","categorycode":"11399"},{"category":"PEIGNOIR","categorycode":"11169"},{"category":"PEINTURE - PASTEL - ACCESSOIRE PEINTURE","categorycode":"10682"},{"category":"PEINTURE MURALE INTERIEURE","categorycode":"10296"},{"category":"PELLE - PIOCHE - RATEAU - OUTIL A CREUSER","categorycode":"10448"},{"category":"PELUCHE","categorycode":"10328"},{"category":"PELUCHE - DOUDOU","categorycode":"10104"},{"category":"PELUCHE INTERACTIVE","categorycode":"10329"},{"category":"PENDENTIF","categorycode":"11575"},{"category":"PERFORATEUR","categorycode":"10723"},{"category":"PERLES - BIJOUX","categorycode":"10686"},{"category":"PESE-BEBE","categorycode":"10119"},{"category":"PESE-PERSONNE NON CONNECTE","categorycode":"11486"},{"category":"PETANQUE","categorycode":"10391"},{"category":"PETIT OBJET DECO","categorycode":"11031"},{"category":"PETITE VOITURE","categorycode":"10371"},{"category":"PHOTOGRAPHIE D'ART - POSTER","categorycode":"11032"},{"category":"PICHET - CARAFE","categorycode":"11340"},{"category":"PLAID","categorycode":"11182"},{"category":"PLANCHA ELECTRIQUE","categorycode":"11254"},{"category":"PLANCHE A REPASSER","categorycode":"11065"},{"category":"PLANTE AROMATIQUE","categorycode":"10477"},{"category":"PLANTE BALCON - TERRASSE","categorycode":"10478"},{"category":"PLANTE D'INTERIEUR","categorycode":"10479"},{"category":"PLANTES - FLEURS ARTIFICIELLES","categorycode":"11033"},{"category":"PLAT - SALADIER - CORBEILLE","categorycode":"11349"},{"category":"PLAT CUISINE","categorycode":"10859"},{"category":"PLATEAU","categorycode":"11344"},{"category":"PLUMIER","categorycode":"10726"},{"category":"POCHETTE","categorycode":"11494"},{"category":"POCHETTE - CLASSEUR - CHEMISE","categorycode":"10730"},{"category":"POELE - SAUTEUSE","categorycode":"11298"},{"category":"POLAIRE","categorycode":"10666"},{"category":"POLO","categorycode":"10948"},{"category":"POLO SPORT","categorycode":"10667"},{"category":"PORTE MINE","categorycode":"10731"},{"category":"PORTE VELOS","categorycode":"10086"},{"category":"PORTE-ACCESSOIRES","categorycode":"10732"},{"category":"PORTE-BEBE - ECHARPE DE PORTAGE","categorycode":"10157"},{"category":"PORTE-CARTES","categorycode":"11514"},{"category":"PORTE-DOCUMENTS","categorycode":"11519"},{"category":"PORTEFEUILLE","categorycode":"11515"},{"category":"PORTE-JARRETELLES","categorycode":"10973"},{"category":"PORTE-MONNAIE","categorycode":"11516"},{"category":"PORTE-REVUES","categorycode":"11086"},{"category":"PORTE-SERVIETTES - SECHOIR - ETENDOIR","categorycode":"11077"},{"category":"PORTEUR - TROTTEUR - JOUET A BASCULE","categorycode":"10094"},{"category":"PORTIQUES - TOBOGGAN - AUTRES JEUX DE PLEIN AIR","categorycode":"10380"},{"category":"POT A CRAYONS","categorycode":"10733"},{"category":"POTS - BACS - JARDINIERES - SUPPORTS","categorycode":"10416"},{"category":"POTS - SIEGE WC","categorycode":"10120"},{"category":"POUBELLE","categorycode":"11078"},{"category":"POUF - POIRE","categorycode":"11110"},{"category":"POUF D'EXTERIEUR","categorycode":"10436"},{"category":"POUPEE - ACCESSOIRE","categorycode":"10340"},{"category":"POUSSETTE","categorycode":"10158"},{"category":"PREMIER APPRENTISSAGE","categorycode":"10347"},{"category":"PREPARATION DES MURS","categorycode":"10298"},{"category":"PRESSE-AGRUME ELECTRIQUE","categorycode":"11246"},{"category":"PRODUIT RASAGE","categorycode":"11392"},{"category":"PROTECTION DES MATERIAU","categorycode":"10244"},{"category":"PROTECTION DU SPORTIF ET DE SES ACCESSOIRES","categorycode":"10584"},{"category":"PROTECTION TABLE","categorycode":"11202"},{"category":"PROTECTION TELEPHONE - TABLETTE","categorycode":"10525"},{"category":"PROTEGE CARNET SANTE","categorycode":"10122"},{"category":"PROTEGE MATELAS - ALESE - AUTRE PROTECTION LITERIE","categorycode":"11184"},{"category":"PROTEGE-SLIP","categorycode":"11359"},{"category":"PULL","categorycode":"10954"},{"category":"PURIFICATEUR D'AIR","categorycode":"11232"},{"category":"PUZZLE","categorycode":"10405"},{"category":"PUZZLE 3D","categorycode":"10406"},{"category":"PYJAMA","categorycode":"10986"},{"category":"RADIATEUR - CHAUFFAGE D'APPOINT","categorycode":"10280"},{"category":"RADIO - RADIO CD - REVEIL","categorycode":"10495"},{"category":"RANGE-CD - DVD","categorycode":"11080"},{"category":"RANGEMENT BIJOUX","categorycode":"11082"},{"category":"RANGEMENT PAPIER","categorycode":"10736"},{"category":"RASOIR MECANIQUE","categorycode":"11393"},{"category":"REHAUSSEUR - CALE BEBE","categorycode":"10134"},{"category":"RIDEAU","categorycode":"11197"},{"category":"RIDEAU DOUCHE","categorycode":"11198"},{"category":"ROBE","categorycode":"10912"},{"category":"ROBE DE CHAMBRE","categorycode":"10987"},{"category":"ROBE GAINANTE","categorycode":"11000"},{"category":"ROBINETTERIE","categorycode":"10306"},{"category":"ROBOT CUISEUR","categorycode":"11258"},{"category":"ROBOT MULTIFONCTION","categorycode":"11274"},{"category":"RUBAN ASHESIF","categorycode":"10738"},{"category":"SAC - PANIER PIQUE NIQUE","categorycode":"11084"},{"category":"SAC - POCHETTE - BIDON","categorycode":"10567"},{"category":"SAC - SACOCHE APPAREIL PHOTO","categorycode":"10540"},{"category":"SAC - SACOCHE ORDINATEUR","categorycode":"10172"},{"category":"SAC A DOS","categorycode":"11495"},{"category":"SAC A DOS SPORT","categorycode":"10629"},{"category":"SAC A LANGER","categorycode":"10159"},{"category":"SAC A MAIN","categorycode":"11496"},{"category":"SAC CEINTURE","categorycode":"11497"},{"category":"SAC COURSE - CABAS","categorycode":"11085"},{"category":"SAC DE COUCHAGE","categorycode":"10626"},{"category":"SAC DE FRAPPE ET ACCESSOIRE","categorycode":"10614"},{"category":"SAC DE VOYAGE","categorycode":"11508"},{"category":"SAC POUBELLE","categorycode":"11156"},{"category":"SAC SPORT","categorycode":"10630"},{"category":"SALON DE DETENTE EXTERIEUR","categorycode":"10437"},{"category":"SALON DE REPAS EXTERIEUR","categorycode":"10438"},{"category":"SALOPETTE","categorycode":"10920"},{"category":"SANDALES","categorycode":"11535"},{"category":"SECATEUR - SCIE - OUTIL COUPANT MECANIQUE","categorycode":"10449"},{"category":"SECHE-CHEVEUX","categorycode":"11418"},{"category":"SELLE D'EQUITATION ET ACCESSOIRE","categorycode":"10615"},{"category":"SEMELLES - LACETS","categorycode":"11066"},{"category":"SERUM","categorycode":"11394"},{"category":"SERVICE - ENSEMBLE VAISSELLE","categorycode":"11311"},{"category":"SERVIETTE DE BAIN","categorycode":"11170"},{"category":"SERVIETTE DE TABLE","categorycode":"11203"},{"category":"SERVIETTE DE TOILETTE","categorycode":"11171"},{"category":"SERVIETTE PLAGE","categorycode":"11172"},{"category":"SET TABLE","categorycode":"11207"},{"category":"SHAMPOING","categorycode":"11401"},{"category":"SHORT","categorycode":"10930"},{"category":"SHORT DE BAIN","categorycode":"11006"},{"category":"SHORT DE PLAGE","categorycode":"10964"},{"category":"SHORTY","categorycode":"10978"},{"category":"SHORTY GAINANT","categorycode":"11001"},{"category":"SIEGE AUTO - BASE","categorycode":"10160"},{"category":"SIEGE BAIN","categorycode":"10123"},{"category":"SLIP","categorycode":"10979"},{"category":"SMARTPHONE","categorycode":"10528"},{"category":"SOIN DES ONGLES","categorycode":"11459"},{"category":"SOIN DES PIEDS","categorycode":"11406"},{"category":"SOIN SPECIFIQUE","categorycode":"11395"},{"category":"SOL","categorycode":"11143"},{"category":"SOLITAIRE","categorycode":"11563"},{"category":"SOMMIER","categorycode":"11091"},{"category":"SOUPE - POTAGE","categorycode":"10860"},{"category":"SOURIS - TAPIS","categorycode":"10173"},{"category":"SOUS-PULL","categorycode":"10955"},{"category":"SOUTIEN-GORGE","categorycode":"10980"},{"category":"SOUTIEN-GORGE AMPLI","categorycode":"11597"},{"category":"SOUTIEN-GORGE AMPLI - EMBOITANT","categorycode":"11597"},{"category":"SOUTIEN-GORGE BANDEAU","categorycode":"11598"},{"category":"SOUTIEN-GORGE CLASSIQUE","categorycode":"11605"},{"category":"SOUTIEN-GORGE CORBEILLE","categorycode":"11599"},{"category":"SOUTIEN-GORGE PADDE","categorycode":"11600"},{"category":"SOUTIEN-GORGE PUSHUP","categorycode":"11601"},{"category":"SOUTIEN-GORGE TRIANGLE","categorycode":"11602"},{"category":"SOUTIEN-GORGE ULTRAPUSH","categorycode":"11596"},{"category":"STATUETTE - FIGURINE","categorycode":"11037"},{"category":"STICKER","categorycode":"11038"},{"category":"STRING","categorycode":"10981"},{"category":"STYLO - FEUTRE - CRAYON","categorycode":"10735"},{"category":"SUCETTE - ATTACHE SUCETTE - ANNEAU DE DENTITION","categorycode":"10124"},{"category":"SURMATELAS","categorycode":"11094"},{"category":"SURVETEMENT BAS","categorycode":"10655"},{"category":"SURVETEMENT ENSEMBLE COMPLET","categorycode":"10668"},{"category":"SUSPENSION - PLAFONNIER","categorycode":"11050"},{"category":"SWEAT","categorycode":"10956"},{"category":"SWEAT A CAPUCHE","categorycode":"10957"},{"category":"SWEAT SPORT","categorycode":"10669"},{"category":"TABLE","categorycode":"11137"},{"category":"TABLE A LANGER","categorycode":"10125"},{"category":"TABLE BASSE","categorycode":"11136"},{"category":"TABLE CUISSON","categorycode":"11221"},{"category":"TABLE DE JARDIN","categorycode":"10441"},{"category":"TABLE MULTI-JEUX","categorycode":"10392"},{"category":"TABLEAU","categorycode":"10110"},{"category":"TABLEAU - ARDOISE","categorycode":"11039"},{"category":"TABLEAU - TOILE","categorycode":"11035"},{"category":"TABLEAU ELECTRIQUE","categorycode":"10251"},{"category":"TABLETTE","categorycode":"10553"},{"category":"TABLETTES NUMERIQUES ET ACCESSOIRE","categorycode":"10355"},{"category":"TABLIER","categorycode":"11208"},{"category":"TABOURET","categorycode":"11115"},{"category":"TAIE D'OREILLER","categorycode":"11186"},{"category":"TAILLE CRAYON","categorycode":"10739"},{"category":"TAJINE - COUSCOUSSIER","categorycode":"11299"},{"category":"TAMBOUR - BATTERIE - MARACAS","categorycode":"10690"},{"category":"TANGA","categorycode":"10982"},{"category":"TAPIS","categorycode":"11021"},{"category":"TAPIS BAIN","categorycode":"11173"},{"category":"TAPIS DE COUPE","categorycode":"10740"},{"category":"TAPIS DE SOL","categorycode":"10078"},{"category":"TAPIS DE SPORT","categorycode":"10586"},{"category":"TAPIS D'EVEIL - AIRE DE JEU","categorycode":"10105"},{"category":"TASSE - MUG","categorycode":"11312"},{"category":"TEDDY","categorycode":"10905"},{"category":"TEE-SHIRT","categorycode":"10949"},{"category":"TEE-SHIRT - DEBARDEUR GAINANT","categorycode":"11002"},{"category":"TEE-SHIRT SPORT","categorycode":"10670"},{"category":"TENSIOMETRE","categorycode":"11488"},{"category":"TETE LIT","categorycode":"11095"},{"category":"TEXTILE DE COMPRESSION","categorycode":"11607"},{"category":"THE","categorycode":"10880"},{"category":"THEIERE - ACCESSOIRE THE","categorycode":"11328"},{"category":"THERMOMETRE","categorycode":"10229"},{"category":"THERMOMETRE BAIN","categorycode":"10126"},{"category":"THERMOMETRE CORPOREL","categorycode":"11489"},{"category":"TIRE LAIT - ACCESSOIRE D'ALLAITEMENT","categorycode":"10135"},{"category":"TIROIR CHAUFFANT","categorycode":"11222"},{"category":"TONDEUSE A GAZON","categorycode":"10457"},{"category":"TONGS","categorycode":"11536"},{"category":"TONNELLE","categorycode":"10442"},{"category":"TOP","categorycode":"10950"},{"category":"TORCHON","categorycode":"11205"},{"category":"TRACKER D'ACTIVITE","categorycode":"10508"},{"category":"TRAMPOLINE","categorycode":"10622"},{"category":"TRANSAT - BAIN DE SOLEIL","categorycode":"10443"},{"category":"TRAVERSIN","categorycode":"11190"},{"category":"TRENCHCOAT","categorycode":"10906"},{"category":"TRICOTIN - FILS A TRICOTER","categorycode":"10687"},{"category":"TROTINETTE","categorycode":"10623"},{"category":"TROUSSE","categorycode":"10741"},{"category":"TROUSSE DE TOILETTE","categorycode":"11501"},{"category":"TUNIQUE","categorycode":"10927"},{"category":"TUNIQUE DE PLAGE","categorycode":"10966"},{"category":"TURBULETTE - GIGOTEUSE","categorycode":"10140"},{"category":"UNIVERS BRICOLAGE","categorycode":"10362"},{"category":"UNIVERS MEDICAL","categorycode":"10363"},{"category":"UNIVERS MENAGER","categorycode":"10364"},{"category":"VAISSELLE BEBE","categorycode":"10136"},{"category":"VALISE CABINE","categorycode":"11509"},{"category":"VALISE LONG SEJOUR","categorycode":"11510"},{"category":"VALISE MATERNITE","categorycode":"10164"},{"category":"VALISE MOYEN SEJOUR","categorycode":"11511"},{"category":"VALISES ASSORTIES","categorycode":"11604"},{"category":"VANITY","categorycode":"11500"},{"category":"VASE - POT D'INTERIEUR","categorycode":"11036"},{"category":"VEHICULE EN BOIS","categorycode":"10111"},{"category":"VEILLEUSE - BERCEUSE","categorycode":"10148"},{"category":"VELO ELECTRIQUE","categorycode":"10562"},{"category":"VENTILATEUR","categorycode":"11234"},{"category":"VERNIS A ONGLES","categorycode":"11460"},{"category":"VERRE","categorycode":"11339"},{"category":"VESTE","categorycode":"10907"},{"category":"VESTE - PARKA - COUPE-VENT SPORT","categorycode":"10671"},{"category":"VESTE DE COSTUME","categorycode":"10936"},{"category":"VESTE MAILLE","categorycode":"10959"},{"category":"VOILAGE","categorycode":"11196"},{"category":"VOITURE - VEHICULE ELECTRIQUE","categorycode":"10372"},{"category":"WC","categorycode":"11146"},{"category":"WC - BROYEURS ET ACCESSOIRE","categorycode":"10315"},{"category":"WOK - SAUTEUSE","categorycode":"11300"}]}